CustomerID,FirstName,LastName,EmailAddress
1,Orlando,Gee,orlando0@adventure-works.com
2,Keith,Harris,keith0@adventure-works.com
3,Donna,Carreras,donna0@adventure-works.com
4,Janet,Gates,janet1@adventure-works.com
5,Lucy,Harrington,lucy0@adventure-works.com
6,Rosmarie,Carroll,rosmarie0@adventure-works.com
7,Dominic,Gash,dominic0@adventure-works.com
10,Kathleen,Garza,kathleen0@adventure-works.com
11,Katherine,Harding,katherine0@adventure-works.com
12,Johnny,Caprio,johnny0@adventure-works.com
16,Christopher,Beck,christopher1@adventure-works.com
18,David,Liu,david20@adventure-works.com
19,John,Beaver,john8@adventure-works.com
20,Jean,Handley,jean1@adventure-works.com
21,Jinghao,Liu,jinghao1@adventure-works.com
22,Linda,Burnett,linda4@adventure-works.com
23,Kerim,Hanif,kerim0@adventure-works.com
24,Kevin,Liu,kevin5@adventure-works.com
25,Donald,Blanton,donald0@adventure-works.com
28,Jackie,Blackwell,jackie0@adventure-works.com
29,Bryan,Hamilton,bryan2@adventure-works.com
30,Todd,Logan,todd0@adventure-works.com
34,Barbara,German,barbara4@adventure-works.com
37,Jim,Geist,jim1@adventure-works.com
38,Betty,Haines,betty0@adventure-works.com
39,Sharon,Looney,sharon2@adventure-works.com
40,Darren,Gehring,darren0@adventure-works.com
41,Erin,Hagens,erin1@adventure-works.com
42,Jeremy,Los,jeremy0@adventure-works.com
43,Elsa,Leavitt,elsa0@adventure-works.com
46,David,Lawrence,david19@adventure-works.com
47,Hattie,Haemon,hattie0@adventure-works.com
48,Anita,Lucerne,anita0@adventure-works.com
52,Rebecca,Laszlo,rebecca2@adventure-works.com
55,Eric,Lang,eric6@adventure-works.com
56,Brian,Groth,brian5@adventure-works.com
57,Judy,Lundahl,judy1@adventure-works.com
58,Peter,Kurniawan,peter4@adventure-works.com
59,Douglas,Groncki,douglas2@adventure-works.com
60,Sean,Lunt,sean4@adventure-works.com
61,Jeffrey,Kurtz,jeffrey3@adventure-works.com
64,Vamsi,Kuppa,vamsi1@adventure-works.com
65,Jane,Greer,jane2@adventure-works.com
66,Alexander,Deborde,alexander1@adventure-works.com
70,Deepak,Kumar,deepak0@adventure-works.com
73,Margaret,Krupka,margaret1@adventure-works.com
74,Christopher,Bright,christopher2@adventure-works.com
75,Aidan,Delaney,aidan0@adventure-works.com
76,James,Krow,james11@adventure-works.com
77,Michael,Brundage,michael13@adventure-works.com
78,Stefan,Delmarco,stefan0@adventure-works.com
79,Mitch,Kennedy,mitch0@adventure-works.com
82,James,Kramer,james10@adventure-works.com
83,Eric,Brumfield,eric3@adventure-works.com
84,Della,Demott Jr,della0@adventure-works.com
88,Pamala,Kotc,pamala0@adventure-works.com
91,Joy,Koski,joy0@adventure-works.com
92,Jovita,Carmody,jovita0@adventure-works.com
93,Prashanth,Desai,prashanth0@adventure-works.com
94,Scott,Konersmann,scott6@adventure-works.com
95,Jane,Carmichael,jane0@adventure-works.com
96,Bonnie,Lepro,bonnie2@adventure-works.com
97,Eugene,Kogan,eugene2@adventure-works.com
100,Kirk,King,kirk2@adventure-works.com
101,William,Conner,william1@adventure-works.com
102,Linda,Leste,linda7@adventure-works.com
106,Andrea,Thomsen,andrea1@adventure-works.com
109,Daniel,Thompson,daniel2@adventure-works.com
110,Kendra,Thompson,kendra0@adventure-works.com
111,Scott,Colvin,scott1@adventure-works.com
112,Elsie,Lewin,elsie0@adventure-works.com
113,Donald,Thompson,donald1@adventure-works.com
114,John,Colon,john14@adventure-works.com
115,George,Li,george3@adventure-works.com
118,Yale,Li,yale0@adventure-works.com
119,Phyllis,Thomas,phyllis2@adventure-works.com
120,Pat,Coleman,pat2@adventure-works.com
124,Yuhong,Li,yuhong1@adventure-works.com
127,Joseph,Lique,joseph2@adventure-works.com
128,Judy,Thames,judy3@adventure-works.com
129,Connie,Coffman,connie0@adventure-works.com
130,Paulo,Lisboa,paulo0@adventure-works.com
131,Vanessa,Tench,vanessa0@adventure-works.com
132,Teanna,Cobb,teanna0@adventure-works.com
133,Michael,Graff,michael16@adventure-works.com
136,Derek,Graham,derek0@adventure-works.com
137,Gytis,Barzdukas,gytis0@adventure-works.com
138,Jane,Clayton,jane1@adventure-works.com
142,Jon,Grande,jon1@adventure-works.com
145,Ted,Bremer,ted0@adventure-works.com
146,Richard,Bready,richard1@adventure-works.com
147,Alice,Clark,alice1@adventure-works.com
148,Alan,Brewer,alan1@adventure-works.com
149,Cornelius,Brandon,cornelius0@adventure-works.com
150,Jill,Christie,jill1@adventure-works.com
151,Walter,Brian,walter0@adventure-works.com
154,Carlton,Carlisle,carlton0@adventure-works.com
155,Joseph,Castellucio,joseph1@adventure-works.com
156,Lester,Bowman,lester0@adventure-works.com
160,Brigid,Cavendish,brigid0@adventure-works.com
163,Andrew,Cencini,andrew2@adventure-works.com
164,Cindy,Dodd,cindy0@adventure-works.com
165,Randall,Boseman,randall0@adventure-works.com
166,Stacey,Cereghino,stacey0@adventure-works.com
167,Blaine,Dockter,blaine0@adventure-works.com
168,Luis,Bonifaz,luis0@adventure-works.com
169,Brenda,Diaz,brenda2@adventure-works.com
172,Gabriele,Dickmann,gabriele0@adventure-works.com
173,Rudolph,Dillon,rudolph0@adventure-works.com
174,Michael,Bohling,michael12@adventure-works.com
178,Dick,Dievendorff,dick1@adventure-works.com
180,Nicky,Chesnut,nicky0@adventure-works.com
181,Michael,Lee,michael18@adventure-works.com
182,Stanley,Alan,stanley0@adventure-works.com
183,Yao-Qiang,Cheng,yao-qiang0@adventure-works.com
184,Marjorie,Lee,marjorie0@adventure-works.com
185,Sandeep,Kaliyath,sandeep1@adventure-works.com
186,Pei,Chow,pei0@adventure-works.com
187,Frank,Campbell,frank4@adventure-works.com
190,Mark,Lee,mark5@adventure-works.com
191,Sandra,Kitt,sandra2@adventure-works.com
192,Hao,Chen,hao1@adventure-works.com
196,Jolie,Lenehan,jolie0@adventure-works.com
197,Diane,Krane,diane4@adventure-works.com
198,Payton,Benson,payton0@adventure-works.com
199,Roger,Lengel,roger1@adventure-works.com
200,Peggy,Justice,peggy0@adventure-works.com
201,Edna,Benson,edna0@adventure-works.com
202,A.,Leonetti,a0@adventure-works.com
203,Jean,Jordan,jean3@adventure-works.com
204,Ido,Ben-Sachar,ido0@adventure-works.com
205,Frank,Mart¡nez,frank5@adventure-works.com
208,Steve,Masters,steve2@adventure-works.com
209,Robert,Jones,robert6@adventure-works.com
210,Josh,Barnhill,josh0@adventure-works.com
214,Jennifer,Maxham,jennifer1@adventure-works.com
217,Chris,Maxwell,chris6@adventure-works.com
218,David,Johnson,david18@adventure-works.com
219,Brian,Johnson,brian6@adventure-works.com
220,Robert,Brown,robert5@adventure-works.com
221,Sandra,Maynard,sandra4@adventure-works.com
222,Barry,Johnson,barry1@adventure-works.com
223,Joyce,Jarvis,joyce0@adventure-works.com
226,Vance,Johns,vance0@adventure-works.com
227,Robin,McGuigan,robin0@adventure-works.com
228,Danielle,Johnson,danielle1@adventure-works.com
232,David,Jaffe,david17@adventure-works.com
235,Mary,Alexander,mary7@adventure-works.com
236,Lola,McCarthy,lola0@adventure-works.com
237,Mary,Browning,mary5@adventure-works.com
238,Jodan,Jacobson,jodan0@adventure-works.com
239,Jane,McCarty,jane3@adventure-works.com
240,Jessie,Valerio,jessie0@adventure-works.com
241,Eric,Jacobsen,eric5@adventure-works.com
244,Bronson,Jacobs,bronson0@adventure-works.com
245,James,McCoy,james12@adventure-works.com
246,Esther,Valle,esther0@adventure-works.com
250,Denean,Ison,denean0@adventure-works.com
253,Erik,Ismert,erik0@adventure-works.com
254,Robert,Bernacchi,robert4@adventure-works.com
255,Sunil,Uppal,sunil0@adventure-works.com
256,Richard,Irwin,richard4@adventure-works.com
257,Matthias,Berndt,matthias1@adventure-works.com
258,Sairaj,Uddin,sairaj1@adventure-works.com
259,Lucio,Iallo,lucio0@adventure-works.com
262,Beth,Inghram,beth0@adventure-works.com
263,Timothy,Burnett,timothy0@adventure-works.com
264,Phyllis,Tuffield,phyllis3@adventure-works.com
268,Richard,Byham,richard2@adventure-works.com
271,Jared,Bustamante,jared0@adventure-works.com
272,Henry,Campen,henry0@adventure-works.com
273,Christie,Trujillo,christie0@adventure-works.com
274,Janet,Gilliat,janet2@adventure-works.com
275,Chris,Cannon,chris5@adventure-works.com
276,Michael John,Troyer,michaeljohn0@adventure-works.com
277,Guy,Gilbert,guy0@adventure-works.com
280,Frances,Giglio,frances1@adventure-works.com
281,Suzana De Abreu,Canuto,suzanadeabreu0@adventure-works.com
282,Billy,Trent,billy0@adventure-works.com
286,Leo,Giakoumakis,leo0@adventure-works.com
287,Grant,Culbertson,grant1@adventure-works.com
288,Robert,Barker,robert3@adventure-works.com
289,Gabriel,Bockenkamp,gabriel0@adventure-works.com
290,Scott,Culp,scott3@adventure-works.com
291,Wayne,Banack,wayne0@adventure-works.com
292,Michael,Blythe,michael11@adventure-works.com
293,Conor,Cunningham,conor0@adventure-works.com
294,Alberto,Baltazar,alberto0@adventure-works.com
295,Joseph,Mitzner,joseph4@adventure-works.com
298,Robert,Mitosinka,robert10@adventure-works.com
299,Thierry,D'Hers,thierry1@adventure-works.com
300,Daniel,Blanco,daniel0@adventure-works.com
304,Linda,Mitchell,linda9@adventure-works.com
306,Stephen,Ayers,stephen1@adventure-works.com
307,Neva,Mitchell,neva0@adventure-works.com
308,Megan,Davis,megan1@adventure-works.com
309,John,Arthur,john6@adventure-works.com
310,Frank,Miller,frank6@adventure-works.com
311,Alvaro,De Matos Miranda Filho,alvaro0@adventure-works.com
312,Thomas,Armstrong,thomas1@adventure-works.com
313,Dylan,Miller,dylan1@adventure-works.com
316,Ben,Miller,ben1@adventure-works.com
317,Jacob,Dean,jacob0@adventure-works.com
318,Ann,Beebe,ann0@adventure-works.com
322,Matthew,Miller,matthew5@adventure-works.com
323,Jo,Brown,jo2@adventure-works.com
325,Virginia,Miller,virginia0@adventure-works.com
326,Scott,Gode,scott4@adventure-works.com
327,Caroline,Vicknair,caroline0@adventure-works.com
328,Robert,Vessa,robert13@adventure-works.com
329,Andreas,Berglund,andreas1@adventure-works.com
330,Mete,Goktepe,mete0@adventure-works.com
331,Wanda,Vernon,wanda0@adventure-works.com
334,Dora,Verdad,dora0@adventure-works.com
335,John,Berger,john10@adventure-works.com
336,Brian,Goldstein,brian4@adventure-works.com
340,Raja,Venugopal,raja0@adventure-works.com
343,Patricia,Vasquez,patricia2@adventure-works.com
344,Karren,Burkhardt,karren0@adventure-works.com
345,Abigail,Gonzalez,abigail0@adventure-works.com
346,Ranjit,Varkey Chudukatil,ranjit1@adventure-works.com
347,Ingrid,Burkhardt,ingrid0@adventure-works.com
348,Oscar,Alpuerto,oscar0@adventure-works.com
349,Gary,Vargas,gary6@adventure-works.com
352,Shane,Kim,shane2@adventure-works.com
353,Joan,Campbell,joan0@adventure-works.com
354,Maxwell,Amland,maxwell0@adventure-works.com
358,Joe,Kim,joe1@adventure-works.com
360,Ramona,Antrim,ramona0@adventure-works.com
361,Karan,Khanna,karan1@adventure-works.com
362,Sharon,Crow,sharon1@adventure-works.com
363,Chris,Ashton,chris3@adventure-works.com
364,Imtiaz,Khan,imtiaz0@adventure-works.com
365,Jack,Creasey,jack2@adventure-works.com
366,Teresa,Atkinson,teresa0@adventure-works.com
367,Tammy,Khan,tammy0@adventure-works.com
370,Elizabeth,Keyser,elizabeth2@adventure-works.com
371,Bruno,Costa Da Silva,bruno0@adventure-works.com
372,Katherine,Swan,katherine1@adventure-works.com
376,Mary,Kesslep,mary8@adventure-works.com
377,Marlin,Coriell,marlin0@adventure-works.com
379,Kevin,Kennedy,kevin4@adventure-works.com
380,Eva,Corets,eva0@adventure-works.com
381,Julie,Taft-Rider,julie1@adventure-works.com
382,Robert,Kelly,robert7@adventure-works.com
383,Scott,Cooper,scott2@adventure-works.com
384,Clarence,Tatman,clarence0@adventure-works.com
385,John,Kelly,john22@adventure-works.com
388,Victor,Kelley,victor0@adventure-works.com
389,Dorothy,Contreras,dorothy0@adventure-works.com
390,Mike,Taylor,mike6@adventure-works.com
394,Bonnie,Kearney,bonnie1@adventure-works.com
395,June,Brunner,june0@adventure-works.com
397,Sandeep,Katyal,sandeep2@adventure-works.com
398,Shirley,Bruner,shirley0@adventure-works.com
399,Chad,Tedford,chad1@adventure-works.com
400,Peter,Houston,peter3@adventure-works.com
401,Tom,Johnston,tom1@adventure-works.com
402,Marian,Berch,marian0@adventure-works.com
403,Juanita,Holman,juanita0@adventure-works.com
406,Eddie,Holmes,eddie0@adventure-works.com
407,Robert,Avalos,robert2@adventure-works.com
408,Alexander,Berger,alexander0@adventure-works.com
412,Jean,Holloway,jean2@adventure-works.com
415,Greg,Chapman,greg1@adventure-works.com
416,Angela,Barbariol,angela1@adventure-works.com
417,Ruth,Choin,ruth1@adventure-works.com
418,Lee,Chapla,lee0@adventure-works.com
419,Darrell,Banks,darrell0@adventure-works.com
420,Anthony,Chor,anthony0@adventure-works.com
421,Forrest,Chandler,forrest0@adventure-works.com
424,Eli,Bowen,eli0@adventure-works.com
425,Stephen,Jiang,stephen3@adventure-works.com
426,Dirk,Bruno,dirk0@adventure-works.com
430,Gustavo,Camargo,gustavo1@adventure-works.com
431,Douglas,Baldwin,douglas1@adventure-works.com
433,Lindsey,Camacho,lindsey0@adventure-works.com
434,James,Bailey,james3@adventure-works.com
435,Carol,Elliott,carol2@adventure-works.com
436,Barbara,Calone,barbara2@adventure-works.com
437,Megan,Burke,megan0@adventure-works.com
438,Cory,Booth,cory0@adventure-works.com
439,Shannon,Elliott,shannon0@adventure-works.com
442,Jauna,Elson,jauna0@adventure-works.com
443,Janaina Barreiro Gambaro,Bueno,janainabarreirogambaro0@adventure-works.com
444,Shaun,Beasley,shaun0@adventure-works.com
448,Terry,Eminhizer,terry1@adventure-works.com
451,John,Emory,john16@adventure-works.com
452,Olga,Trau,olga0@adventure-works.com
453,Jon,Ganio,jon0@adventure-works.com
454,Gail,Erickson,gail1@adventure-works.com
455,James,Tran,james15@adventure-works.com
456,Michael,Galos,michael15@adventure-works.com
457,Mark,Erickson,mark2@adventure-works.com
460,Martha,Espinoza,martha0@adventure-works.com
461,Glenn,Track,glenn0@adventure-works.com
462,Bob,Gage,bob1@adventure-works.com
466,Janeth,Esteves,janeth1@adventure-works.com
468,Paul,Fulton,paul3@adventure-works.com
469,Twanna,Evans,twanna0@adventure-works.com
470,Delia,Toone,delia0@adventure-works.com
471,John,Ford,john19@adventure-works.com
472,Ann,Evans,ann1@adventure-works.com
473,Kay,Krane,kay0@adventure-works.com
474,Mihail,Frintu,mihail1@adventure-works.com
475,John,Evans,john17@adventure-works.com
478,Ruby Sue,Styles,rubysue0@adventure-works.com
479,Lori,Kane,lori2@adventure-works.com
480,Susan,French,susan3@adventure-works.com
484,Gary,Suess,gary5@adventure-works.com
487,Ruth,Suffin,ruth2@adventure-works.com
488,Margaret,Smith,margaret0@adventure-works.com
489,Dorothy,Fox,dorothy1@adventure-works.com
490,Elizabeth,Sullivan,elizabeth4@adventure-works.com
491,Frances,Adams,frances0@adventure-works.com
492,Garth,Fort,garth0@adventure-works.com
493,Michael,Sullivan,michael24@adventure-works.com
496,Marcia,Sultan,marcia0@adventure-works.com
497,Amy,Alberts,amy1@adventure-works.com
498,Kelly,Focht,kelly0@adventure-works.com
502,Krishna,Sunkammurali,krishna1@adventure-works.com
504,Mae,Black,mae1@adventure-works.com
505,Brad,Sutton,brad0@adventure-works.com
506,François,Ferrier,françois1@adventure-works.com
507,Mary,Bishop,mary4@adventure-works.com
508,Martin,Svoboda,martin1@adventure-works.com
509,Robert,Ahlering,robert1@adventure-works.com
510,Jimmy,Bischoff,jimmy1@adventure-works.com
511,Abraham,Swearengin,abraham0@adventure-works.com
514,Ryan,Calafato,ryan1@adventure-works.com
515,Dragan,Tomic,dragan1@adventure-works.com
516,Thomas,Michaels,thomas2@adventure-works.com
520,Mari,Caldwell,mari0@adventure-works.com
523,Mary,Gimmi,mary6@adventure-works.com
526,David,Givens,david15@adventure-works.com
527,Diane,Tibbott,diane5@adventure-works.com
528,Helen,Meyer,helen2@adventure-works.com
529,Jeanie,Glenn,jeanie0@adventure-works.com
532,Diane,Glimp,diane3@adventure-works.com
533,Yuping,Tian,yuping0@adventure-works.com
534,Stephen,Mew,stephen4@adventure-works.com
538,John,Brooks,john12@adventure-works.com
541,Willie,Brooks,willie0@adventure-works.com
542,Andrew,Kobylinski,andrew5@adventure-works.com
543,R. Morgan,Mendoza,rmorgan0@adventure-works.com
544,Jay,Adams,jay1@adventure-works.com
545,Christian,Kleinerman,christian1@adventure-works.com
546,Anton,Kirilov,anton0@adventure-works.com
547,Gladys,Mendiola,gladys0@adventure-works.com
550,Raquel,Mello,raquel0@adventure-works.com
551,Samuel,Agcaoili,samuel0@adventure-works.com
552,Tim,Kim,tim0@adventure-works.com
556,Nancy,McPhearson,nancy3@adventure-works.com
559,Nkenge,McLin,nkenge0@adventure-works.com
560,Paul,Alcorn,paul2@adventure-works.com
561,Marvin,Allen,marvin0@adventure-works.com
562,Yvonne,McKay,yvonne1@adventure-works.com
563,Sean,Jacobson,sean2@adventure-works.com
564,Michelle,Alexander,michelle0@adventure-works.com
565,Richard,Bentley,richard0@adventure-works.com
568,Curtis,Howard,curtis0@adventure-works.com
569,Cecil,Allison,cecil0@adventure-works.com
570,Gregory,Alderson,gregory0@adventure-works.com
574,Janice,Hows,janice1@adventure-works.com
577,George,Huckaby,george1@adventure-works.com
578,Carolyn,Farino,carolyn0@adventure-works.com
579,Kim,Abercrombie,kim2@adventure-works.com
580,Joshua,Huff,joshua0@adventure-works.com
581,Geri,Farrell,geri0@adventure-works.com
582,Catherine,Abel,catherine0@adventure-works.com
583,Laura,Steele,laura3@adventure-works.com
586,Shanay,Steelman,shanay0@adventure-works.com
587,Rhoda,Finley,rhoda0@adventure-works.com
588,Pat,Chambers,pat1@adventure-works.com
592,Stefano,Stefani,stefano0@adventure-works.com
595,Alan,Steiner,alan4@adventure-works.com
596,Kathie,Flood,kathie1@adventure-works.com
597,Bob,Hodges,bob2@adventure-works.com
598,Derik,Stenerson,derik0@adventure-works.com
599,Raul,Casts,raul0@adventure-works.com
600,Holly,Holt,holly1@adventure-works.com
601,Vassar,Stern,vassar0@adventure-works.com
604,Wathalee,Steuber,wathalee0@adventure-works.com
605,Matthew,Cavallari,matthew1@adventure-works.com
606,Helge,Hoeing,helge0@adventure-works.com
607,Alice,Steiner,alice4@adventure-works.com
608,Steven,Brown,steven1@adventure-works.com
609,David,Hodgson,david16@adventure-works.com
610,Liza Marie,Stevens,lizamarie0@adventure-works.com
613,Jim,Stewart,jim5@adventure-works.com
617,Arlene,Huff,arlene0@adventure-works.com
620,Matthew,Hunter,matthew4@adventure-works.com
621,Matthew,Hink,matthew3@adventure-works.com
622,Robert,Stotka,robert12@adventure-works.com
623,Phyllis,Huntsman,phyllis1@adventure-works.com
624,Mike,Hines,mike3@adventure-works.com
625,Kayla,Stotler,kayla0@adventure-works.com
626,Lawrence,Hurkett,lawrence0@adventure-works.com
629,Ryan,Ihrig,ryan4@adventure-works.com
630,Andrew,Hill,andrew4@adventure-works.com
631,Robert,Lyeba,robert8@adventure-works.com
635,Roger,Van Houten,roger2@adventure-works.com
637,Robert,Lyon,robert9@adventure-works.com
641,Rose,Vandenouer,rose1@adventure-works.com
643,Denise,Maccietto,denise1@adventure-works.com
644,Gregory,Vanderbout,gregory1@adventure-works.com
645,Ronald,Heymsfield,ronald1@adventure-works.com
646,Scott,MacDonald,scott7@adventure-works.com
647,Michael,Vanderhyde,michael25@adventure-works.com
648,Cheryl,Herring,cheryl0@adventure-works.com
649,Walter,Mays,walter1@adventure-works.com
650,Margaret,Vanderkamp,margaret2@adventure-works.com
653,Kara,Vanderlinden,kara0@adventure-works.com
654,Jésus,Hernandez,jésus0@adventure-works.com
655,Irene,Hernandez,irene0@adventure-works.com
659,Ajay,Manchepalli,ajay0@adventure-works.com
660,Nieves,Vargas,nieves0@adventure-works.com
661,Kari,Hensien,kari0@adventure-works.com
665,Tomas,Manzanares,tomas0@adventure-works.com
668,Kathy,Marcovecchio,kathy0@adventure-works.com
669,Patricia,Doyle,patricia0@adventure-works.com
670,Valerie,Hendricks,valerie0@adventure-works.com
671,Jill,Markwood,jill2@adventure-works.com
672,Gerald,Drury,gerald0@adventure-works.com
673,John,Hanson,john20@adventure-works.com
674,Melissa,Marple,melissa0@adventure-works.com
677,Cecelia,Marshall,cecelia0@adventure-works.com
678,Reuben,D'sa,reuben1@adventure-works.com
679,Brenda,Heaney,brenda3@adventure-works.com
683,Linda,Martin,linda8@adventure-works.com
685,James,Haugh,james8@adventure-works.com
689,Sandra,Martinez,sandra3@adventure-works.com
692,Bev,Desalvo,bev0@adventure-works.com
693,Bart,Duncan,bart0@adventure-works.com
694,Ann,Hass,ann2@adventure-works.com
695,Rob,Caron,rob2@adventure-works.com
696,Maciej,Dusza,maciej1@adventure-works.com
697,Roger,Harui,roger0@adventure-works.com
698,Andy,Carothers,andy1@adventure-works.com
701,Linda,Ecoffey,linda5@adventure-works.com
29485,Catherine,Abel,catherine0@adventure-works.com
29486,Kim,Abercrombie,kim2@adventure-works.com
29489,Frances,Adams,frances0@adventure-works.com
29490,Margaret,Smith,margaret0@adventure-works.com
29492,Jay,Adams,jay1@adventure-works.com
29494,Samuel,Agcaoili,samuel0@adventure-works.com
29496,Robert,Ahlering,robert1@adventure-works.com
29497,François,Ferrier,françois1@adventure-works.com
29499,Amy,Alberts,amy1@adventure-works.com
29502,Paul,Alcorn,paul2@adventure-works.com
29503,Gregory,Alderson,gregory0@adventure-works.com
29505,Michelle,Alexander,michelle0@adventure-works.com
29506,Sean,Jacobson,sean2@adventure-works.com
29508,Marvin,Allen,marvin0@adventure-works.com
29510,Cecil,Allison,cecil0@adventure-works.com
29511,Oscar,Alpuerto,oscar0@adventure-works.com
29515,Maxwell,Amland,maxwell0@adventure-works.com
29517,Ramona,Antrim,ramona0@adventure-works.com
29521,Tom,Johnston,tom1@adventure-works.com
29522,Thomas,Armstrong,thomas1@adventure-works.com
29523,John,Arthur,john6@adventure-works.com
29524,Chris,Ashton,chris3@adventure-works.com
29525,Teresa,Atkinson,teresa0@adventure-works.com
29527,Robert,Avalos,robert2@adventure-works.com
29528,Stephen,Ayers,stephen1@adventure-works.com
29530,Daniel,Blanco,daniel0@adventure-works.com
29531,Cory,Booth,cory0@adventure-works.com
29532,James,Bailey,james3@adventure-works.com
29533,Douglas,Baldwin,douglas1@adventure-works.com
29535,Wayne,Banack,wayne0@adventure-works.com
29536,Robert,Barker,robert3@adventure-works.com
29539,Josh,Barnhill,josh0@adventure-works.com
29541,Gytis,Barzdukas,gytis0@adventure-works.com
29544,Shaun,Beasley,shaun0@adventure-works.com
29545,John,Beaver,john8@adventure-works.com
29546,Christopher,Beck,christopher1@adventure-works.com
29548,Ann,Beebe,ann0@adventure-works.com
29550,Stanley,Alan,stanley0@adventure-works.com
29553,Edna,Benson,edna0@adventure-works.com
29554,Payton,Benson,payton0@adventure-works.com
29557,Alexander,Berger,alexander0@adventure-works.com
29558,John,Berger,john10@adventure-works.com
29559,Robert,Bernacchi,robert4@adventure-works.com
29560,Matthias,Berndt,matthias1@adventure-works.com
29562,Steven,Brown,steven1@adventure-works.com
29565,Jimmy,Bischoff,jimmy1@adventure-works.com
29566,Mae,Black,mae1@adventure-works.com
29567,Jackie,Blackwell,jackie0@adventure-works.com
29568,Donald,Blanton,donald0@adventure-works.com
29569,Linda,Burnett,linda4@adventure-works.com
29570,Michael,Blythe,michael11@adventure-works.com
29571,Gabriel,Bockenkamp,gabriel0@adventure-works.com
29573,Luis,Bonifaz,luis0@adventure-works.com
29574,Randall,Boseman,randall0@adventure-works.com
29576,Eli,Bowen,eli0@adventure-works.com
29577,Lester,Bowman,lester0@adventure-works.com
29579,Cornelius,Brandon,cornelius0@adventure-works.com
29580,Richard,Bready,richard1@adventure-works.com
29582,Ted,Bremer,ted0@adventure-works.com
29583,Alan,Brewer,alan1@adventure-works.com
29584,Walter,Brian,walter0@adventure-works.com
29585,Christopher,Bright,christopher2@adventure-works.com
29587,John,Brooks,john12@adventure-works.com
29588,Willie,Brooks,willie0@adventure-works.com
29590,Jo,Brown,jo2@adventure-works.com
29591,Robert,Brown,robert5@adventure-works.com
29593,Mary,Browning,mary5@adventure-works.com
29596,Eric,Brumfield,eric3@adventure-works.com
29598,Michael,Brundage,michael13@adventure-works.com
29599,Shirley,Bruner,shirley0@adventure-works.com
29600,June,Brunner,june0@adventure-works.com
29601,Dirk,Bruno,dirk0@adventure-works.com
29603,Janaina Barreiro Gambaro,Bueno,janainabarreirogambaro0@adventure-works.com
29605,Megan,Burke,megan0@adventure-works.com
29606,Karren,Burkhardt,karren0@adventure-works.com
29608,Timothy,Burnett,timothy0@adventure-works.com
29611,Jared,Bustamante,jared0@adventure-works.com
29612,Richard,Byham,richard2@adventure-works.com
29614,Ryan,Calafato,ryan1@adventure-works.com
29615,Mari,Caldwell,mari0@adventure-works.com
29616,Barbara,Calone,barbara2@adventure-works.com
29617,Lindsey,Camacho,lindsey0@adventure-works.com
29618,Gustavo,Camargo,gustavo1@adventure-works.com
29620,Joan,Campbell,joan0@adventure-works.com
29622,Henry,Campen,henry0@adventure-works.com
29623,Chris,Cannon,chris5@adventure-works.com
29625,Suzana De Abreu,Canuto,suzanadeabreu0@adventure-works.com
29627,Johnny,Caprio,johnny0@adventure-works.com
29629,Carlton,Carlisle,carlton0@adventure-works.com
29631,Jane,Carmichael,jane0@adventure-works.com
29632,Jovita,Carmody,jovita0@adventure-works.com
29635,Rob,Caron,rob2@adventure-works.com
29636,Andy,Carothers,andy1@adventure-works.com
29637,Donna,Carreras,donna0@adventure-works.com
29638,Rosmarie,Carroll,rosmarie0@adventure-works.com
29639,Joseph,Castellucio,joseph1@adventure-works.com
29641,Raul,Casts,raul0@adventure-works.com
29643,Matthew,Cavallari,matthew1@adventure-works.com
29644,Brigid,Cavendish,brigid0@adventure-works.com
29645,Andrew,Cencini,andrew2@adventure-works.com
29646,Stacey,Cereghino,stacey0@adventure-works.com
29649,Pat,Chambers,pat1@adventure-works.com
29650,Forrest,Chandler,forrest0@adventure-works.com
29651,Lee,Chapla,lee0@adventure-works.com
29653,Pei,Chow,pei0@adventure-works.com
29654,Yao-Qiang,Cheng,yao-qiang0@adventure-works.com
29655,Nicky,Chesnut,nicky0@adventure-works.com
29659,Ruth,Choin,ruth1@adventure-works.com
29660,Anthony,Chor,anthony0@adventure-works.com
29662,Jill,Christie,jill1@adventure-works.com
29663,Alice,Clark,alice1@adventure-works.com
29666,Jane,Clayton,jane1@adventure-works.com
29668,Connie,Coffman,connie0@adventure-works.com
29671,Pat,Coleman,pat2@adventure-works.com
29673,John,Colon,john14@adventure-works.com
29674,Scott,Colvin,scott1@adventure-works.com
29677,William,Conner,william1@adventure-works.com
29680,Dorothy,Contreras,dorothy0@adventure-works.com
29682,Scott,Cooper,scott2@adventure-works.com
29683,Eva,Corets,eva0@adventure-works.com
29684,Marlin,Coriell,marlin0@adventure-works.com
29686,Jack,Creasey,jack2@adventure-works.com
29688,Grant,Culbertson,grant1@adventure-works.com
29689,Scott,Culp,scott3@adventure-works.com
29690,Conor,Cunningham,conor0@adventure-works.com
29692,Thierry,D'Hers,thierry1@adventure-works.com
29695,Megan,Davis,megan1@adventure-works.com
29696,Alvaro,De Matos Miranda Filho,alvaro0@adventure-works.com
29698,Jacob,Dean,jacob0@adventure-works.com
29699,Alexander,Deborde,alexander1@adventure-works.com
29702,Aidan,Delaney,aidan0@adventure-works.com
29703,Stefan,Delmarco,stefan0@adventure-works.com
29705,Della,Demott Jr,della0@adventure-works.com
29708,Prashanth,Desai,prashanth0@adventure-works.com
29709,Bev,Desalvo,bev0@adventure-works.com
29710,Brenda,Diaz,brenda2@adventure-works.com
29711,Gabriele,Dickmann,gabriele0@adventure-works.com
29713,Dick,Dievendorff,dick1@adventure-works.com
29714,Rudolph,Dillon,rudolph0@adventure-works.com
29716,Blaine,Dockter,blaine0@adventure-works.com
29717,Cindy,Dodd,cindy0@adventure-works.com
29719,Patricia,Doyle,patricia0@adventure-works.com
29720,Gerald,Drury,gerald0@adventure-works.com
29722,Reuben,D'sa,reuben1@adventure-works.com
29727,Bart,Duncan,bart0@adventure-works.com
29728,Maciej,Dusza,maciej1@adventure-works.com
29730,Linda,Ecoffey,linda5@adventure-works.com
29732,Carol,Elliott,carol2@adventure-works.com
29733,Shannon,Elliott,shannon0@adventure-works.com
29734,Jauna,Elson,jauna0@adventure-works.com
29736,Terry,Eminhizer,terry1@adventure-works.com
29737,John,Emory,john16@adventure-works.com
29738,Gail,Erickson,gail1@adventure-works.com
29739,Mark,Erickson,mark2@adventure-works.com
29740,Martha,Espinoza,martha0@adventure-works.com
29741,Janeth,Esteves,janeth1@adventure-works.com
29742,Twanna,Evans,twanna0@adventure-works.com
29743,Ann,Evans,ann1@adventure-works.com
29744,John,Evans,john17@adventure-works.com
29747,Carolyn,Farino,carolyn0@adventure-works.com
29748,Geri,Farrell,geri0@adventure-works.com
29750,Rhoda,Finley,rhoda0@adventure-works.com
29753,Kathie,Flood,kathie1@adventure-works.com
29755,Kelly,Focht,kelly0@adventure-works.com
29757,Garth,Fort,garth0@adventure-works.com
29758,Dorothy,Fox,dorothy1@adventure-works.com
29761,Susan,French,susan3@adventure-works.com
29763,Mihail,Frintu,mihail1@adventure-works.com
29764,John,Ford,john19@adventure-works.com
29765,Paul,Fulton,paul3@adventure-works.com
29766,Bob,Gage,bob1@adventure-works.com
29768,Michael,Galos,michael15@adventure-works.com
29769,Jon,Ganio,jon0@adventure-works.com
29770,Kathleen,Garza,kathleen0@adventure-works.com
29771,Dominic,Gash,dominic0@adventure-works.com
29772,Janet,Gates,janet1@adventure-works.com
29773,Orlando,Gee,orlando0@adventure-works.com
29774,Darren,Gehring,darren0@adventure-works.com
29775,Jim,Geist,jim1@adventure-works.com
29776,Barbara,German,barbara4@adventure-works.com
29778,Leo,Giakoumakis,leo0@adventure-works.com
29780,Frances,Giglio,frances1@adventure-works.com
29781,Guy,Gilbert,guy0@adventure-works.com
29782,Janet,Gilliat,janet2@adventure-works.com
29783,Mary,Gimmi,mary6@adventure-works.com
29784,Jeanie,Glenn,jeanie0@adventure-works.com
29785,Diane,Glimp,diane3@adventure-works.com
29787,Scott,Gode,scott4@adventure-works.com
29788,Mete,Goktepe,mete0@adventure-works.com
29789,Brian,Goldstein,brian4@adventure-works.com
29792,Abigail,Gonzalez,abigail0@adventure-works.com
29793,Michael,Graff,michael16@adventure-works.com
29794,Derek,Graham,derek0@adventure-works.com
29796,Jon,Grande,jon1@adventure-works.com
29797,Jane,Greer,jane2@adventure-works.com
29799,Douglas,Groncki,douglas2@adventure-works.com
29800,Brian,Groth,brian5@adventure-works.com
29803,Hattie,Haemon,hattie0@adventure-works.com
29805,Erin,Hagens,erin1@adventure-works.com
29806,Betty,Haines,betty0@adventure-works.com
29807,Bryan,Hamilton,bryan2@adventure-works.com
29809,Kerim,Hanif,kerim0@adventure-works.com
29810,Jean,Handley,jean1@adventure-works.com
29813,Katherine,Harding,katherine0@adventure-works.com
29815,Lucy,Harrington,lucy0@adventure-works.com
29816,Keith,Harris,keith0@adventure-works.com
29818,Roger,Harui,roger0@adventure-works.com
29819,Ann,Hass,ann2@adventure-works.com
29822,James,Haugh,james8@adventure-works.com
29824,Brenda,Heaney,brenda3@adventure-works.com
29826,John,Hanson,john20@adventure-works.com
29827,Valerie,Hendricks,valerie0@adventure-works.com
29830,Kari,Hensien,kari0@adventure-works.com
29831,Irene,Hernandez,irene0@adventure-works.com
29832,Jésus,Hernandez,jésus0@adventure-works.com
29834,Cheryl,Herring,cheryl0@adventure-works.com
29835,Ronald,Heymsfield,ronald1@adventure-works.com
29840,Andrew,Hill,andrew4@adventure-works.com
29842,Mike,Hines,mike3@adventure-works.com
29843,Matthew,Hink,matthew3@adventure-works.com
29847,David,Hodgson,david16@adventure-works.com
29848,Helge,Hoeing,helge0@adventure-works.com
29850,Bob,Hodges,bob2@adventure-works.com
29851,Jean,Holloway,jean2@adventure-works.com
29852,Eddie,Holmes,eddie0@adventure-works.com
29853,Juanita,Holman,juanita0@adventure-works.com
29854,Peter,Houston,peter3@adventure-works.com
29855,Curtis,Howard,curtis0@adventure-works.com
29857,Janice,Hows,janice1@adventure-works.com
29858,George,Huckaby,george1@adventure-works.com
29859,Joshua,Huff,joshua0@adventure-works.com
29860,Arlene,Huff,arlene0@adventure-works.com
29861,Phyllis,Huntsman,phyllis1@adventure-works.com
29862,Lawrence,Hurkett,lawrence0@adventure-works.com
29863,Ryan,Ihrig,ryan4@adventure-works.com
29864,Beth,Inghram,beth0@adventure-works.com
29865,Lucio,Iallo,lucio0@adventure-works.com
29866,Richard,Irwin,richard4@adventure-works.com
29867,Erik,Ismert,erik0@adventure-works.com
29868,Denean,Ison,denean0@adventure-works.com
29870,Bronson,Jacobs,bronson0@adventure-works.com
29871,Eric,Jacobsen,eric5@adventure-works.com
29872,Jodan,Jacobson,jodan0@adventure-works.com
29873,Mary,Alexander,mary7@adventure-works.com
29874,David,Jaffe,david17@adventure-works.com
29876,Vance,Johns,vance0@adventure-works.com
29877,Joyce,Jarvis,joyce0@adventure-works.com
29879,Stephen,Jiang,stephen3@adventure-works.com
29881,Danielle,Johnson,danielle1@adventure-works.com
29883,Barry,Johnson,barry1@adventure-works.com
29884,Brian,Johnson,brian6@adventure-works.com
29885,David,Johnson,david18@adventure-works.com
29889,Jean,Jordan,jean3@adventure-works.com
29890,Peggy,Justice,peggy0@adventure-works.com
29891,Diane,Krane,diane4@adventure-works.com
29892,Sandra,Kitt,sandra2@adventure-works.com
29893,Sandeep,Kaliyath,sandeep1@adventure-works.com
29895,Lori,Kane,lori2@adventure-works.com
29897,Kay,Krane,kay0@adventure-works.com
29898,Sandeep,Katyal,sandeep2@adventure-works.com
29900,Victor,Kelley,victor0@adventure-works.com
29901,John,Kelly,john22@adventure-works.com
29902,Robert,Kelly,robert7@adventure-works.com
29903,Kevin,Kennedy,kevin4@adventure-works.com
29904,Mary,Kesslep,mary8@adventure-works.com
29905,Elizabeth,Keyser,elizabeth2@adventure-works.com
29906,Imtiaz,Khan,imtiaz0@adventure-works.com
29907,Karan,Khanna,karan1@adventure-works.com
29908,Joe,Kim,joe1@adventure-works.com
29910,Shane,Kim,shane2@adventure-works.com
29911,Tim,Kim,tim0@adventure-works.com
29913,Anton,Kirilov,anton0@adventure-works.com
29914,Christian,Kleinerman,christian1@adventure-works.com
29915,Andrew,Kobylinski,andrew5@adventure-works.com
29918,Kirk,King,kirk2@adventure-works.com
29919,Eugene,Kogan,eugene2@adventure-works.com
29920,Scott,Konersmann,scott6@adventure-works.com
29921,Joy,Koski,joy0@adventure-works.com
29922,Pamala,Kotc,pamala0@adventure-works.com
29924,Mitch,Kennedy,mitch0@adventure-works.com
29925,Margaret,Krupka,margaret1@adventure-works.com
29926,Deepak,Kumar,deepak0@adventure-works.com
29928,Vamsi,Kuppa,vamsi1@adventure-works.com
29929,Jeffrey,Kurtz,jeffrey3@adventure-works.com
29930,Peter,Kurniawan,peter4@adventure-works.com
29931,Eric,Lang,eric6@adventure-works.com
29932,Rebecca,Laszlo,rebecca2@adventure-works.com
29934,David,Lawrence,david19@adventure-works.com
29935,Elsa,Leavitt,elsa0@adventure-works.com
29936,Michael,Lee,michael18@adventure-works.com
29937,Marjorie,Lee,marjorie0@adventure-works.com
29938,Frank,Campbell,frank4@adventure-works.com
29939,Mark,Lee,mark5@adventure-works.com
29941,Jolie,Lenehan,jolie0@adventure-works.com
29942,Roger,Lengel,roger1@adventure-works.com
29943,A.,Leonetti,a0@adventure-works.com
29944,Bonnie,Lepro,bonnie2@adventure-works.com
29946,Linda,Leste,linda7@adventure-works.com
29948,Elsie,Lewin,elsie0@adventure-works.com
29949,George,Li,george3@adventure-works.com
29950,Yale,Li,yale0@adventure-works.com
29952,Yuhong,Li,yuhong1@adventure-works.com
29953,Joseph,Lique,joseph2@adventure-works.com
29954,Paulo,Lisboa,paulo0@adventure-works.com
29955,David,Liu,david20@adventure-works.com
29956,Jinghao,Liu,jinghao1@adventure-works.com
29957,Kevin,Liu,kevin5@adventure-works.com
29959,Todd,Logan,todd0@adventure-works.com
29962,Sharon,Looney,sharon2@adventure-works.com
29964,Anita,Lucerne,anita0@adventure-works.com
29967,Judy,Lundahl,judy1@adventure-works.com
29969,Robert,Lyeba,robert8@adventure-works.com
29971,Robert,Lyon,robert9@adventure-works.com
29973,Denise,Maccietto,denise1@adventure-works.com
29974,Scott,MacDonald,scott7@adventure-works.com
29975,Walter,Mays,walter1@adventure-works.com
29978,Ajay,Manchepalli,ajay0@adventure-works.com
29980,Tomas,Manzanares,tomas0@adventure-works.com
29981,Kathy,Marcovecchio,kathy0@adventure-works.com
29982,Melissa,Marple,melissa0@adventure-works.com
29983,Cecelia,Marshall,cecelia0@adventure-works.com
29985,Linda,Martin,linda8@adventure-works.com
29987,Frank,Mart¡nez,frank5@adventure-works.com
29988,Steve,Masters,steve2@adventure-works.com
29990,Jennifer,Maxham,jennifer1@adventure-works.com
29991,Chris,Maxwell,chris6@adventure-works.com
29992,Sandra,Maynard,sandra4@adventure-works.com
29994,Robin,McGuigan,robin0@adventure-works.com
29997,Lola,McCarthy,lola0@adventure-works.com
29998,Jane,McCarty,jane3@adventure-works.com
30000,James,McCoy,james12@adventure-works.com
30003,Yvonne,McKay,yvonne1@adventure-works.com
30004,Nkenge,McLin,nkenge0@adventure-works.com
30005,Nancy,McPhearson,nancy3@adventure-works.com
30007,Raquel,Mello,raquel0@adventure-works.com
30008,R. Morgan,Mendoza,rmorgan0@adventure-works.com
30010,Stephen,Mew,stephen4@adventure-works.com
30012,Helen,Meyer,helen2@adventure-works.com
30016,Thomas,Michaels,thomas2@adventure-works.com
30018,Virginia,Miller,virginia0@adventure-works.com
30019,Matthew,Miller,matthew5@adventure-works.com
30021,Ben,Miller,ben1@adventure-works.com
30022,Dylan,Miller,dylan1@adventure-works.com
30023,Frank,Miller,frank6@adventure-works.com
30024,Neva,Mitchell,neva0@adventure-works.com
30025,Linda,Mitchell,linda9@adventure-works.com
30027,Joseph,Mitzner,joseph4@adventure-works.com
30028,Laura,Steele,laura3@adventure-works.com
30029,Shanay,Steelman,shanay0@adventure-works.com
30030,Stefano,Stefani,stefano0@adventure-works.com
30031,Alan,Steiner,alan4@adventure-works.com
30032,Derik,Stenerson,derik0@adventure-works.com
30033,Vassar,Stern,vassar0@adventure-works.com
30034,Wathalee,Steuber,wathalee0@adventure-works.com
30035,Alice,Steiner,alice4@adventure-works.com
30036,Liza Marie,Stevens,lizamarie0@adventure-works.com
30037,Jim,Stewart,jim5@adventure-works.com
30039,Robert,Stotka,robert12@adventure-works.com
30040,Kayla,Stotler,kayla0@adventure-works.com
30042,Ruby Sue,Styles,rubysue0@adventure-works.com
30044,Gary,Suess,gary5@adventure-works.com
30045,Ruth,Suffin,ruth2@adventure-works.com
30046,Elizabeth,Sullivan,elizabeth4@adventure-works.com
30047,Michael,Sullivan,michael24@adventure-works.com
30048,Marcia,Sultan,marcia0@adventure-works.com
30050,Krishna,Sunkammurali,krishna1@adventure-works.com
30051,Brad,Sutton,brad0@adventure-works.com
30052,Abraham,Swearengin,abraham0@adventure-works.com
30053,Katherine,Swan,katherine1@adventure-works.com
30055,Julie,Taft-Rider,julie1@adventure-works.com
30056,Clarence,Tatman,clarence0@adventure-works.com
30058,Mike,Taylor,mike6@adventure-works.com
30061,Chad,Tedford,chad1@adventure-works.com
30063,Vanessa,Tench,vanessa0@adventure-works.com
30064,Judy,Thames,judy3@adventure-works.com
30067,Phyllis,Thomas,phyllis2@adventure-works.com
30069,Donald,Thompson,donald1@adventure-works.com
30070,Kendra,Thompson,kendra0@adventure-works.com
30071,Daniel,Thompson,daniel2@adventure-works.com
30072,Andrea,Thomsen,andrea1@adventure-works.com
30074,Yuping,Tian,yuping0@adventure-works.com
30076,Diane,Tibbott,diane5@adventure-works.com
30080,Delia,Toone,delia0@adventure-works.com
30083,Glenn,Track,glenn0@adventure-works.com
30087,Billy,Trent,billy0@adventure-works.com
30089,Michael John,Troyer,michaeljohn0@adventure-works.com
30090,Christie,Trujillo,christie0@adventure-works.com
30093,Phyllis,Tuffield,phyllis3@adventure-works.com
30094,Sairaj,Uddin,sairaj1@adventure-works.com
30095,Sunil,Uppal,sunil0@adventure-works.com
30098,Esther,Valle,esther0@adventure-works.com
30100,Jessie,Valerio,jessie0@adventure-works.com
30102,Roger,Van Houten,roger2@adventure-works.com
30104,Rose,Vandenouer,rose1@adventure-works.com
30105,Gregory,Vanderbout,gregory1@adventure-works.com
30106,Michael,Vanderhyde,michael25@adventure-works.com
30107,Margaret,Vanderkamp,margaret2@adventure-works.com
30108,Kara,Vanderlinden,kara0@adventure-works.com
30109,Nieves,Vargas,nieves0@adventure-works.com
30110,Gary,Vargas,gary6@adventure-works.com
30111,Ranjit,Varkey Chudukatil,ranjit1@adventure-works.com
30112,Patricia,Vasquez,patricia2@adventure-works.com
30113,Raja,Venugopal,raja0@adventure-works.com
30115,Dora,Verdad,dora0@adventure-works.com
30116,Wanda,Vernon,wanda0@adventure-works.com
30117,Robert,Vessa,robert13@adventure-works.com
30118,Caroline,Vicknair,caroline0@adventure-works.com